Name,Phone,Email,Company
ABC,3243234323,abc@gmail.com,XYZ
ABC,3243234323,abc@gmail.com,XYZ
ABC,3243234323,abc@gmail.com,XYZ
ABC,3243234323,abc@gmail.com,XYZ
ABC,3243234323,abc@gmail.com,XYZ
ABC,3243234323,abc@gmail.com,XYZ
ABC,3243234323,abc@gmail.com,XYZ
ABC,3243234323,abc@gmail.com,XYZ
ABC,3243234323,abc@gmail.com,XYZ
ABC,3243234323,abc@gmail.com,XYZ
ABC,3243234323,abc@gmail.com,XYZ
ABC,3243234323,abc@gmail.com,XYZ
ABC,3243234323,abc@gmail.com,XYZ
ABC,3243234323,abc@gmail.com,XYZ
ABC,3243234323,abc@gmail.com,XYZ
ABC,3243234323,abc@gmail.com,XYZ
ABC,3243234323,abc@gmail.com,XYZ
ABC,3243234323,abc@gmail.com,XYZ
ABC,3243234323,abc@gmail.com,XYZ
ABC,3243234323,abc@gmail.com,XYZ
ABC,3243234323,abc@gmail.com,XYZ
ABC,3243234323,abc@gmail.com,XYZ
ABC,3243234323,abc@gmail.com,XYZ
ABC,3243234323,abc@gmail.com,XYZ
ABC,3243234323,abc@gmail.com,XYZ
ABC,3243234323,abc@gmail.com,XYZ
ABC,3243234323,abc@gmail.com,XYZ
ABC,3243234323,abc@gmail.com,XYZ
ABC,3243234323,abc@gmail.com,XYZ
ABC,3243234323,abc@gmail.com,XYZ
ABC,3243234323,abc@gmail.com,XYZ
ABC,3243234323,abc@gmail.com,XYZ
ABC,3243234323,abc@gmail.com,XYZ
ABC,3243234323,abc@gmail.com,XYZ
ABC,3243234323,abc@gmail.com,XYZ
ABC,3243234323,abc@gmail.com,XYZ
ABC,3243234323,abc@gmail.com,XYZ
ABC,3243234323,abc@gmail.com,XYZ
ABC,3243234323,abc@gmail.com,XYZ
ABC,3243234323,abc@gmail.com,XYZ
ABC,3243234323,abc@gmail.com,XYZ
ABC,3243234323,abc@gmail.com,XYZ
ABC,3243234323,abc@gmail.com,XYZ
ABC,3243234323,abc@gmail.com,XYZ
ABC,3243234323,abc@gmail.com,XYZ
ABC,3243234323,abc@gmail.com,XYZ
ABC,3243234323,abc@gmail.com,XYZ
ABC,3243234323,abc@gmail.com,XYZ
ABC,3243234323,abc@gmail.com,XYZ
ABC,3243234323,abc@gmail.com,XYZ
ABC,3243234323,abc@gmail.com,XYZ
ABC,3243234323,abc@gmail.com,XYZ
ABC,3243234323,abc@gmail.com,XYZ
ABC,3243234323,abc@gmail.com,XYZ
ABC,3243234323,abc@gmail.com,XYZ
ABC,3243234323,abc@gmail.com,XYZ
ABC,3243234323,abc@gmail.com,XYZ
ABC,3243234323,abc@gmail.com,XYZ
ABC,3243234323,abc@gmail.com,XYZ
ABC,3243234323,abc@gmail.com,XYZ
ABC,3243234323,abc@gmail.com,XYZ
ABC,3243234323,abc@gmail.com,XYZ
ABC,3243234323,abc@gmail.com,XYZ
ABC,3243234323,abc@gmail.com,XYZ
ABC,3243234323,abc@gmail.com,XYZ
ABC,3243234323,abc@gmail.com,XYZ
ABC,3243234323,abc@gmail.com,XYZ
ABC,3243234323,abc@gmail.com,XYZ
ABC,3243234323,abc@gmail.com,XYZ
ABC,3243234323,abc@gmail.com,XYZ
ABC,3243234323,abc@gmail.com,XYZ
ABC,3243234323,abc@gmail.com,XYZ
ABC,3243234323,abc@gmail.com,XYZ
ABC,3243234323,abc@gmail.com,XYZ
ABC,3243234323,abc@gmail.com,XYZ
ABC,3243234323,abc@gmail.com,XYZ
ABC,3243234323,abc@gmail.com,XYZ
ABC,3243234323,abc@gmail.com,XYZ
ABC,3243234323,abc@gmail.com,XYZ
ABC,3243234323,abc@gmail.com,XYZ
ABC,3243234323,abc@gmail.com,XYZ
ABC,3243234323,abc@gmail.com,XYZ
ABC,3243234323,abc@gmail.com,XYZ
ABC,3243234323,abc@gmail.com,XYZ
ABC,3243234323,abc@gmail.com,XYZ
ABC,3243234323,abc@gmail.com,XYZ
ABC,3243234323,abc@gmail.com,XYZ
ABC,3243234323,abc@gmail.com,XYZ
ABC,3243234323,abc@gmail.com,XYZ
ABC,3243234323,abc@gmail.com,XYZ
ABC,3243234323,abc@gmail.com,XYZ
ABC,3243234323,abc@gmail.com,XYZ
ABC,3243234323,abc@gmail.com,XYZ
ABC,3243234323,abc@gmail.com,XYZ
ABC,3243234323,abc@gmail.com,XYZ
ABC,3243234323,abc@gmail.com,XYZ
ABC,3243234323,abc@gmail.com,XYZ
ABC,3243234323,abc@gmail.com,XYZ
ABC,3243234323,abc@gmail.com,XYZ
ABC,3243234323,abc@gmail.com,XYZ
ABC,3243234323,abc@gmail.com,XYZ
ABC,3243234323,abc@gmail.com,XYZ
ABC,3243234323,abc@gmail.com,XYZ
ABC,3243234323,abc@gmail.com,XYZ
ABC,3243234323,abc@gmail.com,XYZ
ABC,3243234323,abc@gmail.com,XYZ
ABC,3243234323,abc@gmail.com,XYZ
ABC,3243234323,abc@gmail.com,XYZ
ABC,3243234323,abc@gmail.com,XYZ
ABC,3243234323,abc@gmail.com,XYZ
ABC,3243234323,abc@gmail.com,XYZ
ABC,3243234323,abc@gmail.com,XYZ
ABC,3243234323,abc@gmail.com,XYZ
ABC,3243234323,abc@gmail.com,XYZ
ABC,3243234323,abc@gmail.com,XYZ
ABC,3243234323,abc@gmail.com,XYZ
ABC,3243234323,abc@gmail.com,XYZ
ABC,3243234323,abc@gmail.com,XYZ
ABC,3243234323,abc@gmail.com,XYZ
ABC,3243234323,abc@gmail.com,XYZ
ABC,3243234323,abc@gmail.com,XYZ
ABC,3243234323,abc@gmail.com,XYZ
ABC,3243234323,abc@gmail.com,XYZ
ABC,3243234323,abc@gmail.com,XYZ
ABC,3243234323,abc@gmail.com,XYZ
ABC,3243234323,abc@gmail.com,XYZ
ABC,3243234323,abc@gmail.com,XYZ
ABC,3243234323,abc@gmail.com,XYZ
ABC,3243234323,abc@gmail.com,XYZ
ABC,3243234323,abc@gmail.com,XYZ
ABC,3243234323,abc@gmail.com,XYZ
ABC,3243234323,abc@gmail.com,XYZ
ABC,3243234323,abc@gmail.com,XYZ
ABC,3243234323,abc@gmail.com,XYZ
ABC,3243234323,abc@gmail.com,XYZ
ABC,3243234323,abc@gmail.com,XYZ
ABC,3243234323,abc@gmail.com,XYZ
ABC,3243234323,abc@gmail.com,XYZ
ABC,3243234323,abc@gmail.com,XYZ
ABC,3243234323,abc@gmail.com,XYZ
ABC,3243234323,abc@gmail.com,XYZ
ABC,3243234323,abc@gmail.com,XYZ
ABC,3243234323,abc@gmail.com,XYZ
ABC,3243234323,abc@gmail.com,XYZ
ABC,3243234323,abc@gmail.com,XYZ
ABC,3243234323,abc@gmail.com,XYZ
ABC,3243234323,abc@gmail.com,XYZ
ABC,3243234323,abc@gmail.com,XYZ
ABC,3243234323,abc@gmail.com,XYZ
ABC,3243234323,abc@gmail.com,XYZ
ABC,3243234323,abc@gmail.com,XYZ
ABC,3243234323,abc@gmail.com,XYZ
ABC,3243234323,abc@gmail.com,XYZ
ABC,3243234323,abc@gmail.com,XYZ
ABC,3243234323,abc@gmail.com,XYZ
ABC,3243234323,abc@gmail.com,XYZ
ABC,3243234323,abc@gmail.com,XYZ
ABC,3243234323,abc@gmail.com,XYZ
ABC,3243234323,abc@gmail.com,XYZ
ABC,3243234323,abc@gmail.com,XYZ
ABC,3243234323,abc@gmail.com,XYZ
ABC,3243234323,abc@gmail.com,XYZ
ABC,3243234323,abc@gmail.com,XYZ
ABC,3243234323,abc@gmail.com,XYZ
ABC,3243234323,abc@gmail.com,XYZ
ABC,3243234323,abc@gmail.com,XYZ
ABC,3243234323,abc@gmail.com,XYZ
ABC,3243234323,abc@gmail.com,XYZ
ABC,3243234323,abc@gmail.com,XYZ
ABC,3243234323,abc@gmail.com,XYZ
ABC,3243234323,abc@gmail.com,XYZ
ABC,3243234323,abc@gmail.com,XYZ
ABC,3243234323,abc@gmail.com,XYZ
ABC,3243234323,abc@gmail.com,XYZ
ABC,3243234323,abc@gmail.com,XYZ
ABC,3243234323,abc@gmail.com,XYZ
ABC,3243234323,abc@gmail.com,XYZ
ABC,3243234323,abc@gmail.com,XYZ
ABC,3243234323,abc@gmail.com,XYZ
ABC,3243234323,abc@gmail.com,XYZ
ABC,3243234323,abc@gmail.com,XYZ
ABC,3243234323,abc@gmail.com,XYZ
ABC,3243234323,abc@gmail.com,XYZ
ABC,3243234323,abc@gmail.com,XYZ
ABC,3243234323,abc@gmail.com,XYZ
ABC,3243234323,abc@gmail.com,XYZ
ABC,3243234323,abc@gmail.com,XYZ
ABC,3243234323,abc@gmail.com,XYZ
ABC,3243234323,abc@gmail.com,XYZ
ABC,3243234323,abc@gmail.com,XYZ
ABC,3243234323,abc@gmail.com,XYZ
ABC,3243234323,abc@gmail.com,XYZ
ABC,3243234323,abc@gmail.com,XYZ
ABC,3243234323,abc@gmail.com,XYZ
ABC,3243234323,abc@gmail.com,XYZ
ABC,3243234323,abc@gmail.com,XYZ
ABC,3243234323,abc@gmail.com,XYZ
ABC,3243234323,abc@gmail.com,XYZ
ABC,3243234323,abc@gmail.com,XYZ
ABC,3243234323,abc@gmail.com,XYZ
ABC,3243234323,abc@gmail.com,XYZ
ABC,3243234323,abc@gmail.com,XYZ
ABC,3243234323,abc@gmail.com,XYZ
ABC,3243234323,abc@gmail.com,XYZ
ABC,3243234323,abc@gmail.com,XYZ
ABC,3243234323,abc@gmail.com,XYZ
ABC,3243234323,abc@gmail.com,XYZ
ABC,3243234323,abc@gmail.com,XYZ
ABC,3243234323,abc@gmail.com,XYZ
ABC,3243234323,abc@gmail.com,XYZ
ABC,3243234323,abc@gmail.com,XYZ
ABC,3243234323,abc@gmail.com,XYZ
ABC,3243234323,abc@gmail.com,XYZ
ABC,3243234323,abc@gmail.com,XYZ
ABC,3243234323,abc@gmail.com,XYZ
ABC,3243234323,abc@gmail.com,XYZ
ABC,3243234323,abc@gmail.com,XYZ
ABC,3243234323,abc@gmail.com,XYZ
ABC,3243234323,abc@gmail.com,XYZ
ABC,3243234323,abc@gmail.com,XYZ
ABC,3243234323,abc@gmail.com,XYZ
ABC,3243234323,abc@gmail.com,XYZ
ABC,3243234323,abc@gmail.com,XYZ
ABC,3243234323,abc@gmail.com,XYZ
ABC,3243234323,abc@gmail.com,XYZ
ABC,3243234323,abc@gmail.com,XYZ
ABC,3243234323,abc@gmail.com,XYZ
ABC,3243234323,abc@gmail.com,XYZ
ABC,3243234323,abc@gmail.com,XYZ
ABC,3243234323,abc@gmail.com,XYZ
ABC,3243234323,abc@gmail.com,XYZ
ABC,3243234323,abc@gmail.com,XYZ
ABC,3243234323,abc@gmail.com,XYZ
ABC,3243234323,abc@gmail.com,XYZ
ABC,3243234323,abc@gmail.com,XYZ
ABC,3243234323,abc@gmail.com,XYZ
ABC,3243234323,abc@gmail.com,XYZ
ABC,3243234323,abc@gmail.com,XYZ
ABC,3243234323,abc@gmail.com,XYZ
ABC,3243234323,abc@gmail.com,XYZ
ABC,3243234323,abc@gmail.com,XYZ
ABC,3243234323,abc@gmail.com,XYZ
ABC,3243234323,abc@gmail.com,XYZ
ABC,3243234323,abc@gmail.com,XYZ
ABC,3243234323,abc@gmail.com,XYZ
ABC,3243234323,abc@gmail.com,XYZ
ABC,3243234323,abc@gmail.com,XYZ
ABC,3243234323,abc@gmail.com,XYZ
ABC,3243234323,abc@gmail.com,XYZ
ABC,3243234323,abc@gmail.com,XYZ
ABC,3243234323,abc@gmail.com,XYZ
ABC,3243234323,abc@gmail.com,XYZ
ABC,3243234323,abc@gmail.com,XYZ
ABC,3243234323,abc@gmail.com,XYZ
ABC,3243234323,abc@gmail.com,XYZ
ABC,3243234323,abc@gmail.com,XYZ
ABC,3243234323,abc@gmail.com,XYZ
ABC,3243234323,abc@gmail.com,XYZ
ABC,3243234323,abc@gmail.com,XYZ
ABC,3243234323,abc@gmail.com,XYZ
ABC,3243234323,abc@gmail.com,XYZ
ABC,3243234323,abc@gmail.com,XYZ
ABC,3243234323,abc@gmail.com,XYZ
ABC,3243234323,abc@gmail.com,XYZ
ABC,3243234323,abc@gmail.com,XYZ
ABC,3243234323,abc@gmail.com,XYZ
ABC,3243234323,abc@gmail.com,XYZ
ABC,3243234323,abc@gmail.com,XYZ
ABC,3243234323,abc@gmail.com,XYZ
ABC,3243234323,abc@gmail.com,XYZ
ABC,3243234323,abc@gmail.com,XYZ
ABC,3243234323,abc@gmail.com,XYZ
ABC,3243234323,abc@gmail.com,XYZ
ABC,3243234323,abc@gmail.com,XYZ
ABC,3243234323,abc@gmail.com,XYZ
ABC,3243234323,abc@gmail.com,XYZ
ABC,3243234323,abc@gmail.com,XYZ
ABC,3243234323,abc@gmail.com,XYZ
ABC,3243234323,abc@gmail.com,XYZ
ABC,3243234323,abc@gmail.com,XYZ
ABC,3243234323,abc@gmail.com,XYZ
ABC,3243234323,abc@gmail.com,XYZ
ABC,3243234323,abc@gmail.com,XYZ
ABC,3243234323,abc@gmail.com,XYZ
ABC,3243234323,abc@gmail.com,XYZ
ABC,3243234323,abc@gmail.com,XYZ
ABC,3243234323,abc@gmail.com,XYZ
ABC,3243234323,abc@gmail.com,XYZ
ABC,3243234323,abc@gmail.com,XYZ
ABC,3243234323,abc@gmail.com,XYZ
ABC,3243234323,abc@gmail.com,XYZ
ABC,3243234323,abc@gmail.com,XYZ
ABC,3243234323,abc@gmail.com,XYZ
ABC,3243234323,abc@gmail.com,XYZ
ABC,3243234323,abc@gmail.com,XYZ
ABC,3243234323,abc@gmail.com,XYZ
ABC,3243234323,abc@gmail.com,XYZ
ABC,3243234323,abc@gmail.com,XYZ
ABC,3243234323,abc@gmail.com,XYZ
ABC,3243234323,abc@gmail.com,XYZ
ABC,3243234323,abc@gmail.com,XYZ
ABC,3243234323,abc@gmail.com,XYZ
ABC,3243234323,abc@gmail.com,XYZ
ABC,3243234323,abc@gmail.com,XYZ
ABC,3243234323,abc@gmail.com,XYZ
ABC,3243234323,abc@gmail.com,XYZ
ABC,3243234323,abc@gmail.com,XYZ
ABC,3243234323,abc@gmail.com,XYZ
ABC,3243234323,abc@gmail.com,XYZ
ABC,3243234323,abc@gmail.com,XYZ
ABC,3243234323,abc@gmail.com,XYZ
ABC,3243234323,abc@gmail.com,XYZ
ABC,3243234323,abc@gmail.com,XYZ
ABC,3243234323,abc@gmail.com,XYZ
ABC,3243234323,abc@gmail.com,XYZ
ABC,3243234323,abc@gmail.com,XYZ
ABC,3243234323,abc@gmail.com,XYZ
ABC,3243234323,abc@gmail.com,XYZ
ABC,3243234323,abc@gmail.com,XYZ
ABC,3243234323,abc@gmail.com,XYZ
ABC,3243234323,abc@gmail.com,XYZ
ABC,3243234323,abc@gmail.com,XYZ
ABC,3243234323,abc@gmail.com,XYZ
ABC,3243234323,abc@gmail.com,XYZ
ABC,3243234323,abc@gmail.com,XYZ
ABC,3243234323,abc@gmail.com,XYZ
ABC,3243234323,abc@gmail.com,XYZ
ABC,3243234323,abc@gmail.com,XYZ
ABC,3243234323,abc@gmail.com,XYZ
ABC,3243234323,abc@gmail.com,XYZ
ABC,3243234323,abc@gmail.com,XYZ
ABC,3243234323,abc@gmail.com,XYZ
ABC,3243234323,abc@gmail.com,XYZ
ABC,3243234323,abc@gmail.com,XYZ
ABC,3243234323,abc@gmail.com,XYZ
ABC,3243234323,abc@gmail.com,XYZ
ABC,3243234323,abc@gmail.com,XYZ
ABC,3243234323,abc@gmail.com,XYZ
ABC,3243234323,abc@gmail.com,XYZ
ABC,3243234323,abc@gmail.com,XYZ
ABC,3243234323,abc@gmail.com,XYZ
ABC,3243234323,abc@gmail.com,XYZ
ABC,3243234323,abc@gmail.com,XYZ
ABC,3243234323,abc@gmail.com,XYZ
ABC,3243234323,abc@gmail.com,XYZ
ABC,3243234323,abc@gmail.com,XYZ
ABC,3243234323,abc@gmail.com,XYZ
ABC,3243234323,abc@gmail.com,XYZ
ABC,3243234323,abc@gmail.com,XYZ
ABC,3243234323,abc@gmail.com,XYZ
ABC,3243234323,abc@gmail.com,XYZ
ABC,3243234323,abc@gmail.com,XYZ
ABC,3243234323,abc@gmail.com,XYZ
ABC,3243234323,abc@gmail.com,XYZ
ABC,3243234323,abc@gmail.com,XYZ
ABC,3243234323,abc@gmail.com,XYZ
ABC,3243234323,abc@gmail.com,XYZ
ABC,3243234323,abc@gmail.com,XYZ
ABC,3243234323,abc@gmail.com,XYZ
ABC,3243234323,abc@gmail.com,XYZ
ABC,3243234323,abc@gmail.com,XYZ
ABC,3243234323,abc@gmail.com,XYZ
ABC,3243234323,abc@gmail.com,XYZ
ABC,3243234323,abc@gmail.com,XYZ
ABC,3243234323,abc@gmail.com,XYZ
ABC,3243234323,abc@gmail.com,XYZ
ABC,3243234323,abc@gmail.com,XYZ
ABC,3243234323,abc@gmail.com,XYZ
ABC,3243234323,abc@gmail.com,XYZ
ABC,3243234323,abc@gmail.com,XYZ
ABC,3243234323,abc@gmail.com,XYZ
ABC,3243234323,abc@gmail.com,XYZ
ABC,3243234323,abc@gmail.com,XYZ
ABC,3243234323,abc@gmail.com,XYZ
ABC,3243234323,abc@gmail.com,XYZ
ABC,3243234323,abc@gmail.com,XYZ
ABC,3243234323,abc@gmail.com,XYZ
ABC,3243234323,abc@gmail.com,XYZ
ABC,3243234323,abc@gmail.com,XYZ
ABC,3243234323,abc@gmail.com,XYZ
ABC,3243234323,abc@gmail.com,XYZ
ABC,3243234323,abc@gmail.com,XYZ
ABC,3243234323,abc@gmail.com,XYZ
ABC,3243234323,abc@gmail.com,XYZ
ABC,3243234323,abc@gmail.com,XYZ
ABC,3243234323,abc@gmail.com,XYZ
ABC,3243234323,abc@gmail.com,XYZ
ABC,3243234323,abc@gmail.com,XYZ
ABC,3243234323,abc@gmail.com,XYZ
ABC,3243234323,abc@gmail.com,XYZ
ABC,3243234323,abc@gmail.com,XYZ
ABC,3243234323,abc@gmail.com,XYZ
ABC,3243234323,abc@gmail.com,XYZ
ABC,3243234323,abc@gmail.com,XYZ
ABC,3243234323,abc@gmail.com,XYZ
ABC,3243234323,abc@gmail.com,XYZ
ABC,3243234323,abc@gmail.com,XYZ
ABC,3243234323,abc@gmail.com,XYZ
ABC,3243234323,abc@gmail.com,XYZ
ABC,3243234323,abc@gmail.com,XYZ
ABC,3243234323,abc@gmail.com,XYZ
ABC,3243234323,abc@gmail.com,XYZ
ABC,3243234323,abc@gmail.com,XYZ
ABC,3243234323,abc@gmail.com,XYZ
ABC,3243234323,abc@gmail.com,XYZ
ABC,3243234323,abc@gmail.com,XYZ
ABC,3243234323,abc@gmail.com,XYZ
ABC,3243234323,abc@gmail.com,XYZ
ABC,3243234323,abc@gmail.com,XYZ
ABC,3243234323,abc@gmail.com,XYZ
ABC,3243234323,abc@gmail.com,XYZ
ABC,3243234323,abc@gmail.com,XYZ
ABC,3243234323,abc@gmail.com,XYZ
ABC,3243234323,abc@gmail.com,XYZ
ABC,3243234323,abc@gmail.com,XYZ
ABC,3243234323,abc@gmail.com,XYZ
ABC,3243234323,abc@gmail.com,XYZ
ABC,3243234323,abc@gmail.com,XYZ
ABC,3243234323,abc@gmail.com,XYZ
ABC,3243234323,abc@gmail.com,XYZ
ABC,3243234323,abc@gmail.com,XYZ
ABC,3243234323,abc@gmail.com,XYZ
ABC,3243234323,abc@gmail.com,XYZ
ABC,3243234323,abc@gmail.com,XYZ
ABC,3243234323,abc@gmail.com,XYZ
ABC,3243234323,abc@gmail.com,XYZ
ABC,3243234323,abc@gmail.com,XYZ
ABC,3243234323,abc@gmail.com,XYZ
ABC,3243234323,abc@gmail.com,XYZ
ABC,3243234323,abc@gmail.com,XYZ
ABC,3243234323,abc@gmail.com,XYZ
ABC,3243234323,abc@gmail.com,XYZ
ABC,3243234323,abc@gmail.com,XYZ
ABC,3243234323,abc@gmail.com,XYZ
ABC,3243234323,abc@gmail.com,XYZ
ABC,3243234323,abc@gmail.com,XYZ
ABC,3243234323,abc@gmail.com,XYZ
ABC,3243234323,abc@gmail.com,XYZ
ABC,3243234323,abc@gmail.com,XYZ
ABC,3243234323,abc@gmail.com,XYZ
ABC,3243234323,abc@gmail.com,XYZ
ABC,3243234323,abc@gmail.com,XYZ
ABC,3243234323,abc@gmail.com,XYZ
ABC,3243234323,abc@gmail.com,XYZ
ABC,3243234323,abc@gmail.com,XYZ
ABC,3243234323,abc@gmail.com,XYZ
ABC,3243234323,abc@gmail.com,XYZ
ABC,3243234323,abc@gmail.com,XYZ
ABC,3243234323,abc@gmail.com,XYZ
ABC,3243234323,abc@gmail.com,XYZ
ABC,3243234323,abc@gmail.com,XYZ
ABC,3243234323,abc@gmail.com,XYZ
ABC,3243234323,abc@gmail.com,XYZ
ABC,3243234323,abc@gmail.com,XYZ
ABC,3243234323,abc@gmail.com,XYZ
ABC,3243234323,abc@gmail.com,XYZ
ABC,3243234323,abc@gmail.com,XYZ
ABC,3243234323,abc@gmail.com,XYZ
ABC,3243234323,abc@gmail.com,XYZ
ABC,3243234323,abc@gmail.com,XYZ
ABC,3243234323,abc@gmail.com,XYZ
ABC,3243234323,abc@gmail.com,XYZ
ABC,3243234323,abc@gmail.com,XYZ
ABC,3243234323,abc@gmail.com,XYZ
ABC,3243234323,abc@gmail.com,XYZ
ABC,3243234323,abc@gmail.com,XYZ
ABC,3243234323,abc@gmail.com,XYZ
ABC,3243234323,abc@gmail.com,XYZ
ABC,3243234323,abc@gmail.com,XYZ
ABC,3243234323,abc@gmail.com,XYZ
ABC,3243234323,abc@gmail.com,XYZ
ABC,3243234323,abc@gmail.com,XYZ
ABC,3243234323,abc@gmail.com,XYZ
ABC,3243234323,abc@gmail.com,XYZ
ABC,3243234323,abc@gmail.com,XYZ
ABC,3243234323,abc@gmail.com,XYZ
ABC,3243234323,abc@gmail.com,XYZ
ABC,3243234323,abc@gmail.com,XYZ
ABC,3243234323,abc@gmail.com,XYZ
ABC,3243234323,abc@gmail.com,XYZ
ABC,3243234323,abc@gmail.com,XYZ
ABC,3243234323,abc@gmail.com,XYZ
ABC,3243234323,abc@gmail.com,XYZ
ABC,3243234323,abc@gmail.com,XYZ
ABC,3243234323,abc@gmail.com,XYZ
ABC,3243234323,abc@gmail.com,XYZ
ABC,3243234323,abc@gmail.com,XYZ
ABC,3243234323,abc@gmail.com,XYZ
ABC,3243234323,abc@gmail.com,XYZ
ABC,3243234323,abc@gmail.com,XYZ
ABC,3243234323,abc@gmail.com,XYZ
ABC,3243234323,abc@gmail.com,XYZ
ABC,3243234323,abc@gmail.com,XYZ
ABC,3243234323,abc@gmail.com,XYZ
ABC,3243234323,abc@gmail.com,XYZ
ABC,3243234323,abc@gmail.com,XYZ
ABC,3243234323,abc@gmail.com,XYZ
ABC,3243234323,abc@gmail.com,XYZ
ABC,3243234323,abc@gmail.com,XYZ
ABC,3243234323,abc@gmail.com,XYZ
ABC,3243234323,abc@gmail.com,XYZ
ABC,3243234323,abc@gmail.com,XYZ
ABC,3243234323,abc@gmail.com,XYZ
ABC,3243234323,abc@gmail.com,XYZ
ABC,3243234323,abc@gmail.com,XYZ
ABC,3243234323,abc@gmail.com,XYZ
ABC,3243234323,abc@gmail.com,XYZ
ABC,3243234323,abc@gmail.com,XYZ
ABC,3243234323,abc@gmail.com,XYZ
ABC,3243234323,abc@gmail.com,XYZ
ABC,3243234323,abc@gmail.com,XYZ
ABC,3243234323,abc@gmail.com,XYZ
ABC,3243234323,abc@gmail.com,XYZ
ABC,3243234323,abc@gmail.com,XYZ
ABC,3243234323,abc@gmail.com,XYZ
ABC,3243234323,abc@gmail.com,XYZ
ABC,3243234323,abc@gmail.com,XYZ
ABC,3243234323,abc@gmail.com,XYZ
ABC,3243234323,abc@gmail.com,XYZ
ABC,3243234323,abc@gmail.com,XYZ
ABC,3243234323,abc@gmail.com,XYZ
ABC,3243234323,abc@gmail.com,XYZ
ABC,3243234323,abc@gmail.com,XYZ
ABC,3243234323,abc@gmail.com,XYZ
ABC,3243234323,abc@gmail.com,XYZ
ABC,3243234323,abc@gmail.com,XYZ